<?xml version="1.0" encoding="UTF-8"?>
<Defs>

	<TerrainDef ParentName="FloorBase">
		<defName>ABSPolymerFloor</defName>
		<label>ABS Polymer Floor</label>
		<color>(38,38,38)</color>
		<renderPrecedence>250</renderPrecedence>
		<description>ABS Polymer flooring.</description>
		<texturePath>Terrain/Surfaces/ABSFloorBase</texturePath>
		<burnedDef>BurnedABSPolymerFloor</burnedDef>
		<statBases>
			<Beauty>2</Beauty>
			<WorkToBuild>75</WorkToBuild>
			<Flammability>0.16</Flammability>
		</statBases>
		<costList>
			<ABSPolymer>5</ABSPolymer>
		</costList>
		<researchPrerequisites>
			<li>ABSPolymer</li>
		</researchPrerequisites>
	</TerrainDef>

</Defs>