﻿<?xml version="1.0" encoding="utf-8" ?>
<Defs>

  <ThingDef Name="BuildingBase" Abstract="True">
    <category>Building</category>
	<thingClass>Building</thingClass>
    <soundImpactDefault>BulletImpactMetal</soundImpactDefault>
    <selectable>true</selectable>
    <drawerType>MapMeshAndRealTime</drawerType>
    <terrainAffordanceNeeded>Light</terrainAffordanceNeeded>
    <repairEffect>Repair</repairEffect>
    <leaveResourcesWhenKilled>true</leaveResourcesWhenKilled>
  </ThingDef>

	<ThingDef ParentName="BuildingBase">
		<defName>ABSPolymerworkTable</defName>
		<label>ABS Polymer Machine</label>
		<thingClass>Building_WorkTable</thingClass>
		<description>A table with all the tools you need to make ABS Polymer, and it runs off of electricity.</description>
		<graphicData>
			<texPath>Things/Building/Production/ABSworkTable</texPath>
			<graphicClass>Graphic_Single</graphicClass>
			<drawSize>(2.2,1.5)</drawSize>
			<damageData>
				<cornerTL>Damage/Corner</cornerTL>
				<cornerTR>Damage/Corner</cornerTR>
				<cornerBL>Damage/Corner</cornerBL>
				<cornerBR>Damage/Corner</cornerBR>
			</damageData>
		</graphicData>
		<costList>
				<Steel>60</Steel>
				<Component>2</Component>
		</costList>
		<altitudeLayer>Building</altitudeLayer>
		<useHitPoints>True</useHitPoints>
		<statBases>
			<WorkToBuild>1300</WorkToBuild>
			<MaxHitPoints>180</MaxHitPoints>
			<Flammability>1.0</Flammability>
			<Cleanliness>-5</Cleanliness>
		</statBases>
		<size>(2,1)</size>
		<surfaceType>Item</surfaceType>
		<minifiedDef>MinifiedFurniture</minifiedDef>
		<designationCategory>Production</designationCategory>
		<passability>PassThroughOnly</passability>
		<pathCost>70</pathCost>
		<hasInteractionCell>True</hasInteractionCell>
		<interactionCellOffset>(0,0,-1)</interactionCellOffset>
		<recipes>
			<li>MakeABSPolymerFromChemfuel</li>
			<li>MakeABSPolymerFromOrganics</li>
			<li>MakeABSPolymerFromWood</li>
		</recipes>
		<inspectorTabs>
			<li>ITab_Bills</li>
		</inspectorTabs>
		<comps>
			<li Class="CompProperties_Power">
				<compClass>CompPowerTrader</compClass>
				<startElectricalFires>true</startElectricalFires>
				<basePowerConsumption>100</basePowerConsumption>
			</li>
			<li Class="CompProperties_Flickable"/>
			<li Class="CompProperties_AffectedByFacilities">
				<linkableFacilities>
					<li>ToolCabinet</li>
				</linkableFacilities>
			</li>
			<li Class="CompProperties_Glower">
				<glowRadius>5</glowRadius>
				<glowColor>(162,186,0,0)</glowColor>
			</li>
			<li Class="CompProperties_HeatPusher">
				<compClass>CompHeatPusherPowered</compClass>
				<heatPerSecond>10</heatPerSecond>
			</li>
			<li Class="CompProperties_Breakdownable"/>
		</comps>
		<building>
			<spawnedConceptLearnOpportunity>BillsTab</spawnedConceptLearnOpportunity>
			<heatPerTickWhileWorking>0.5</heatPerTickWhileWorking>
		</building>
		<placeWorkers>
			<li>PlaceWorker_ShowFacilitiesConnections</li>
		</placeWorkers>
		<researchPrerequisites>
			<li>ABSPolymer</li>
		</researchPrerequisites>
	</ThingDef>
	
</Defs>