<?xml version="1.0" encoding="UTF-8"?>
<Defs>

	<!--================================ Tier 2: Basic electricity ====================================-->

	<ResearchProjectDef ParentName="ABSPolymerResearchBase">
		<defName>ABSPolymer</defName>
		<label>ABS Polymer</label>
		<description>Make organic ABS Polymer from chemfuel at a refinery.</description>
		<baseCost>500</baseCost>
		<techLevel>Industrial</techLevel>
		<prerequisites>
			<li>Refining</li>
		</prerequisites>
		<researchViewX>0</researchViewX>
		<researchViewY>0</researchViewY>
	</ResearchProjectDef>

</Defs>