<?xml version="1.0" encoding="UTF-8"?>
<Defs>

	<ThingDef ParentName="ResourceBase">
		<defName>ABSPolymer</defName>
		<label>ABS Polymer</label>
		<description>Organic ABS Polymer made from refined chemfuel, wood or organics.</description>
		<graphicData>
			<texPath>Things/Item/Resource/ABS</texPath>
			<graphicClass>Graphic_Single</graphicClass>
		</graphicData>
		<soundInteract>Metal_Drop</soundInteract>
		<soundDrop>Metal_Drop</soundDrop> 
		<statBases>
			<MaxHitPoints>250</MaxHitPoints>
			<MarketValue>1.5</MarketValue>
			<Mass>0.05</Mass>
			<Flammability>0.7</Flammability>
			<SharpDamageMultiplier>0.5</SharpDamageMultiplier>
			<BluntDamageMultiplier>0.75</BluntDamageMultiplier>
		</statBases>
		<stuffProps>
			<categories>
				<li>Metallic</li>
				<li>Woody</li>
				<li>Stony</li>
			</categories>
			<commonality>0.5</commonality>
			<color>(38,38,38)</color>
			<constructEffect>ConstructMetal</constructEffect>
			<soundImpactStuff>BulletImpactWood</soundImpactStuff>
			<soundMeleeHitSharp>MeleeHit_Wood</soundMeleeHitSharp>
			<soundMeleeHitBlunt>MeleeHit_Wood</soundMeleeHitBlunt>
			<statFactors>
				<ArmorRating_Blunt>0.7</ArmorRating_Blunt>
				<ArmorRating_Sharp>0.7</ArmorRating_Sharp>
				<Beauty>1</Beauty>
				<DoorOpenSpeed>1.5</DoorOpenSpeed>
				<Flammability>0.7</Flammability>
				<MaxHitPoints>0.8</MaxHitPoints>
				<MeleeWeapon_CooldownMultiplier>0.8</MeleeWeapon_CooldownMultiplier>
				<WorkToMake>0.8</WorkToMake>
				<WorkToBuild>0.8</WorkToBuild>
			</statFactors>
		</stuffProps>
		<thingCategories>
			<li>ResourcesRaw</li>
		</thingCategories>
		<tradeability>Sellable</tradeability>
		<tradeTags>
			<li>ResourcesRaw</li>
		</tradeTags>
	</ThingDef>
	
	
	<ThingDef ParentName="ResourceBase">
		<defName>ABSPolymerWeave</defName>
		<label>ABS Polymer Weave</label>
		<description>A cloth-like material made of ABS Polymer fibers. Quite tough.</description>
		<graphicData>
			<texPath>Things/Item/Resource/ABSWeave</texPath>
			<graphicClass>Graphic_Single</graphicClass>
		</graphicData>
		<useHitPoints>false</useHitPoints>
		<statBases>
			<MarketValue>3.6</MarketValue>
			<Mass>0.05</Mass>
		</statBases>
		<stuffProps>
			<categories>
				<li>Fabric</li>
			</categories>
			<commonality>0.15</commonality>
			<color>(38,38,38)</color>
			<statOffsets>
				<ArmorRating_Blunt>0.01</ArmorRating_Blunt>
				<ArmorRating_Sharp>0.01</ArmorRating_Sharp>
				<ArmorRating_Heat>0.01</ArmorRating_Heat>
				<ArmorRating_Electric>0.1</ArmorRating_Electric>
			</statOffsets>
			<statFactors>
				<MaxHitPoints>2.5</MaxHitPoints>
				<WorkToMake>1.3</WorkToMake>
				<ArmorRating_Blunt>1.25</ArmorRating_Blunt>
				<ArmorRating_Sharp>2.5</ArmorRating_Sharp>
				<ArmorRating_Heat>1.65</ArmorRating_Heat>
				<ArmorRating_Electric>0.5</ArmorRating_Electric>
				<Flammability>0.3</Flammability>
				<DeteriorationRate>0.05</DeteriorationRate>
			</statFactors>
		</stuffProps>
		<tradeability>Stockable</tradeability>
		<thingCategories>
			<li>Textiles</li>
		</thingCategories>
	</ThingDef>
	
	<ThingDef ParentName="ResourceBase">
		<defName>ReinforcedABSPolymerWeave</defName>
		<label>Reinforced ABS Polymer Weave</label>
		<description>A cloth-like material made of ABS Polymer fibers and steel. Extremely tough.</description>
		<graphicData>
			<texPath>Things/Item/Resource/ABSReinforcedWeave</texPath>
			<graphicClass>Graphic_Single</graphicClass>
		</graphicData>
		<useHitPoints>false</useHitPoints>
		<statBases>
			<MarketValue>10</MarketValue>
			<Mass>0.05</Mass>
		</statBases>
		<stuffProps>
			<categories>
				<li>Fabric</li>
			</categories>
			<commonality>0.15</commonality>
			<color>(38,38,38)</color>
			<statOffsets>
				<Insulation_Heat>0.9</Insulation_Heat>
				<Insulation_Cold>0.9</Insulation_Cold>
				<ArmorRating_Blunt>0.03</ArmorRating_Blunt>
				<ArmorRating_Sharp>0.03</ArmorRating_Sharp>
				<ArmorRating_Heat>0.03</ArmorRating_Heat>
			</statOffsets>
			<statFactors>
				<MaxHitPoints>2.5</MaxHitPoints>
				<WorkToMake>2.3</WorkToMake>
				<ArmorRating_Blunt>3</ArmorRating_Blunt>
				<ArmorRating_Sharp>4</ArmorRating_Sharp>
				<ArmorRating_Heat>1.65</ArmorRating_Heat>
				<ArmorRating_Electric>0.2</ArmorRating_Electric>
				<Flammability>0.3</Flammability>
				<DeteriorationRate>0.05</DeteriorationRate>
			</statFactors>
		</stuffProps>
		<tradeability>Stockable</tradeability>
		<thingCategories>
			<li>Textiles</li>
		</thingCategories>
	</ThingDef>


</Defs>